mu_eff,lam_eff,C_eff,kappa_top,lam_top,C_top,max_contrast,contrast_12,contrast_23,n_interfaces,first_iface_depth,h_top,h_mid,dt_ratio,rmse_Ts,amp_ratio,i
2153.7670581874763,1.817040460482403,2552894.468680137,7.351459436881859e-07,2.160635007787318,2939055.8790918896,9.518052358413703,1.2286445961059222,9.518052358413703,1,0.2803338962502883,0.12061428631227523,0.1597196099380131,35.28700529703292,3.14327437886326,1.3419629449507278,0
1559.6636304289768,1.6068631491619245,1513850.536277229,3.8715385689629425e-07,0.9899152581581949,2556904.033177075,3.4152277865841736,2.3442150260383516,3.4152277865841736,2,0.03665477224782096,0.03665477224782096,0.1625964844738918,18.583385131022123,2.21918260150632,1.3382600175492323,1
1720.4540337033952,1.3618422603787916,2173498.4793782067,1.5049356983719024e-06,2.086314812782197,1386314.9203246708,2.0422098089393637,1.3059237814331406,2.0422098089393637,1,0.15805033633810237,0.09209602231205853,0.06595431402604383,72.23691352185132,3.9499208456845953,1.5406332208172644,2
1180.365829689341,0.6084442510285366,2289878.6364452983,5.526898161034914e-07,1.2201304089448821,2207622.3831061367,7.755761572071591,7.755761572071591,1.5183175550930674,2,0.12118985461958905,0.12118985461958905,0.0986596769629919,26.529111172967585,2.7725935451040877,1.3897453462882452,3
874.6780637950408,0.568186274461757,1346498.058245044,7.263134539597496e-07,1.2269339470619391,1689262.3155648343,2.386080168953196,2.386080168953196,2.3703791966099477,2,0.062357296557959754,0.062357296557959754,0.1426149265087172,34.86304579006798,3.7559569040973195,1.5940847226973827,4
1284.8082284521713,1.062520520171561,1553600.2858861203,7.088771537404245e-07,1.7806362448053978,2511910.8937420044,2.1840304429670017,2.1840304429670017,1.0413781692586321,1,0.076829749453403,0.076829749453403,0.2581695490144594,34.026103379540366,3.6131868841972006,1.3923578801978842,5
1055.7026739716327,0.515868415044734,2160450.423649624,2.68152448030125e-07,0.57977968594026,2162127.1414800803,11.879202152162247,8.521464884344281,11.879202152162247,2,0.10872441551674682,0.10872441551674682,0.08493812090232745,12.871317505446,1.7383058713031403,1.3450193282491731,6
832.2424422841594,0.3932723170094558,1761190.535876058,2.595829280629198e-07,0.4355127955063779,1677740.5153578313,2.1220975996190794,1.3173458384391394,2.1220975996190794,1,0.27184434980820765,0.0796590508199842,0.19218529898822345,12.459980547020152,1.5335939969300996,1.3960912521430162,7
1020.7332680742196,0.9956959982909888,1046400.1124256662,9.059574688403659e-07,1.4420971857889926,1591793.4730809059,6.221248686965721,1.8146943254370622,6.221248686965721,2,0.10251338160007681,0.10251338160007681,0.188394850164499,43.48595850433756,3.663068671333375,1.5205696400057704,8
944.1112035894821,0.44563973273381075,2000149.2220524214,1.1134562382983509e-07,0.23992658005375844,2154791.2868172377,3.0817366516382734,3.0817366516382734,2.0299855587882436,2,0.13094239952486159,0.13094239952486159,0.10848487146633518,5.344589943832084,0.882397696648052,1.2691363608519028,9
1251.5866627015635,0.9769562425666836,1603417.9485224136,2.832151794130314e-06,2.053648923198483,725119.6519391043,4.473365379744112,4.473365379744112,3.811693403617432,2,0.10636076024256039,0.10636076024256039,0.1515967153600176,135.94328611825506,5.455573298910691,1.9540605575295626,10
1269.5055836850154,1.2294772899120467,1310837.08518335,3.2050398546664913e-07,0.4655490465116042,1452553.0652412062,3.771858050399173,3.771858050399173,3.50118166071803,2,0.04096533127436823,0.04096533127436823,0.17526119377584087,15.384191302399156,1.4900647851311293,1.3688276156202213,11
1530.8527491264979,1.155193595032702,2028673.0722756605,1.7037284720245182e-07,0.3832141650892368,2249267.834526874,6.280167847098994,6.280167847098994,2.62241468326652,2,0.06703563937194076,0.06703563937194076,0.07191247982902524,8.177896665717686,1.2758269816046337,1.3273607211168652,12
1331.1198265919077,0.9034859063258518,1961159.5270496923,4.275222360622666e-07,1.1784676051450929,2756505.991359604,3.8392753021172026,1.643627669877167,3.8392753021172026,2,0.1212376175155533,0.1212376175155533,0.2292225472897489,20.521067330988796,2.4721362276328835,1.3486282148110116,13
1624.338376187675,1.6182152647045644,1630484.656710809,2.2806995133891213e-07,0.5242546790541561,2298657.3898773417,4.098590020985499,4.098590020985499,2.7453609419589986,2,0.05977436113958483,0.05977436113958483,0.19480489223547398,10.947357664267782,1.5729798613207844,1.3509119447923232,14
1024.2463853263732,0.8237601320190212,1273526.8642861648,1.7444978368170205e-07,0.3026663707357338,1734977.0481112974,7.775239745787906,3.5310435471244648,7.775239745787906,2,0.09593273595865563,0.09593273595865563,0.21246165038870501,8.373589616721699,1.1388792444889657,1.3460331594678134,15
1650.963917724668,1.7219210931879674,1582930.75589338,3.7261016809793535e-07,0.5094231244885267,1367174.5113370926,4.547387385189905,4.547387385189905,3.718638094792197,2,0.03344238580393172,0.03344238580393172,0.19691114304442803,17.885288068700895,1.416553106806091,1.3196293418479692,16
1576.9945814059836,1.0846338027619544,2292858.5698242695,1.1458198984938288e-06,1.9785645454006868,1726767.4858863023,7.830053789106338,7.830053789106338,2.1290739315755274,2,0.1446126977213879,0.1446126977213879,0.17057585923572505,54.99935512770378,4.122388873412429,1.4844107700877565,17
1333.112231634181,0.9271966009144814,1916732.8917943072,1.6168172675529867e-06,0.8957655936221252,554030.1997008261,2.677965626517811,1.4799043360159314,2.677965626517811,1,0.1982975379103774,0.081553622137404,0.11674391577297341,77.60722884254335,2.840908567352273,1.752671050013702,18
1619.0526372549637,1.1985062756506728,2187165.386997347,1.678251254596435e-07,0.3605817787250645,2148556.5867297547,4.805829003425628,4.706250642912975,4.805829003425628,2,0.0382323815698194,0.0382323815698194,0.18850903588476237,8.055606022062888,1.0869596563180364,1.2716676693678546,19
689.7715331627801,0.19956818208748384,2384071.2631894625,4.571645539797737e-07,0.6525135781477139,1427305.709656097,4.606170163324905,4.606170163324905,4.231003781977835,2,0.034006322974266555,0.034006322974266555,0.279002961284402,21.943898591029136,2.478768133682582,1.6316091288389878,20
1119.9711337919102,1.2070497468437058,1039174.5193659808,2.8104654876991464e-07,0.7982028115362847,2840108.925122408,3.9709888894947643,1.6435546801604632,3.9709888894947643,2,0.061228056066953,0.061228056066953,0.28822484876743626,13.490234340955901,2.0830761153570183,1.3278914902227856,21
1933.4284521551465,1.9749275675162563,1892801.356914714,8.194365806934112e-07,2.2400254390117933,2733616.599244658,2.089455450302577,1.188916589920513,2.089455450302577,1,0.3746565088143542,0.07656261780039493,0.2980938910139593,39.33295587328374,3.576057850778463,1.369348386464619,22
1105.6388777183354,0.5684396777125055,2150513.72353448,8.62152348126654e-07,0.9967785492969041,1156151.2898071618,3.541666897517626,3.541666897517626,2.7433964474988373,2,0.12036161617442845,0.12036161617442845,0.21541531579194026,41.38331271007939,3.094213840599588,1.6399320860942037,23
674.1855472223634,0.4897879049858473,928006.0766234142,1.7416671801812006e-07,0.4678823598987857,2686405.102093661,1.3071032269873708,1.0455776855795296,1.3071032269873708,0,2.0,0.03595853121349318,0.25777816803122655,8.360002464869762,1.6203637952965935,1.3385162521483078,24
742.9444046508762,0.7654260268825627,721123.0987925782,1.2119265235393901e-06,1.3017788468856215,1074140.0749971382,3.5768559677849994,3.2338404291212925,3.5768559677849994,2,0.12106262897135309,0.12106262897135309,0.2929566065152418,58.172473129890726,3.946269077220512,1.6629577250193615,25
1595.9339158891516,1.1601298986301052,2195448.1708408818,7.035899629932282e-07,1.7662298455429275,2510311.3154556565,5.267139997480077,1.1984712417716068,5.267139997480077,1,0.2124207085068673,0.035838225601709045,0.17658248290515827,33.77231822367495,3.344769342162277,1.4176471417887169,26
1327.3885784050578,0.7884849227689417,2234615.2566781887,1.35126576813326e-06,2.3261501224156182,1721460.1133788333,2.7613752709454915,2.2714832995192737,2.7613752709454915,2,0.03703750770245072,0.03703750770245072,0.08093845091258615,64.86075687039649,4.894233281609906,1.6062030398870724,27
807.2299526353396,1.1716342827004835,556163.476993642,2.0877951544447782e-07,0.15966277932701517,764743.5093768833,8.832585839009674,8.832585839009674,2.103015672790029,2,0.05723800949466715,0.05723800949466715,0.28120210732800677,10.021416741334935,0.7372693465246625,1.4270268968221662,28
1664.0901816485655,2.1753083825394945,1273013.1299481986,9.501797547895986e-07,2.339255731840507,2461908.6231304687,3.8811287775355825,1.1576552544775964,3.8811287775355825,1,0.3446207868872069,0.14561014857861362,0.19901063830859325,45.60862822990073,3.5134430608447027,1.333805324055625,29
1523.3496425657856,1.0555138384388982,2198544.4898926746,2.4662873950276277e-07,0.6583377807194408,2669347.384440028,2.0922772014359032,2.051204619446207,2.0922772014359032,2,0.12782571993475572,0.12782571993475572,0.24920427208129042,11.838179496132613,1.8088008280526562,1.339108183948009,30
1401.104316863879,1.6424178535168137,1195245.9616358527,1.4868132242909872e-06,1.6646344613919382,1119598.9073783953,4.277917941029199,1.3068046458525222,4.277917941029199,1,0.22511444723631124,0.06864392564293376,0.1564705215933775,71.36703476596739,4.230377591057901,1.689757146179377,31
990.1317406926883,0.5677169721546717,1726847.9048747523,1.0139566078785286e-07,0.2597412566924276,2561660.476140853,6.50539393541415,5.7994732734625405,6.50539393541415,2,0.12615393924510834,0.12615393924510834,0.07631951996353123,4.866991717816937,0.9024623895193244,1.2496416470710237,32
582.561892993365,0.5415416560503732,626689.2959688486,1.4168396544318832e-06,0.7833281976110453,552870.0408411,2.090568833306777,1.8372769315338395,2.090568833306777,2,0.13972616142336852,0.13972616142336852,0.09138293068381953,68.0083034127304,3.235376164829437,1.9775172297438792,33
1508.0451265256393,0.9213634980477146,2468298.46033249,9.843294816934468e-07,1.7337148643188154,1761315.5925555753,2.62665889689686,1.7091128358117254,2.62665889689686,2,0.026939651241532803,0.026939651241532803,0.1977859540277428,47.24781512128544,3.7432896730293628,1.5422698327067632,34
849.8562897294512,0.6336405042198182,1139850.922380664,4.3370334635483135e-07,0.6681876906505504,1540656.0642579808,1.0763547590152225,1.0108746363659487,1.0763547590152225,0,2.0,0.025651758061662953,0.09537460239913102,20.817760625031905,2.694549091660199,1.846820236614415,35
1447.675528970575,1.085481638826694,1930723.0654270332,2.8087037807821316e-06,2.1003005290925434,747782.8539496887,11.84558753495109,11.84558753495109,5.258449628712909,2,0.08808788333329284,0.08808788333329284,0.07541797572592898,134.81778147754233,6.267971764692932,2.1363771644568827,36
1499.278319082348,1.7943461649375914,1252732.344513118,2.356279287109012e-06,1.9707460978511895,836380.5210328677,2.0273257740619606,1.2134508227850371,2.0273257740619606,1,0.3978506585446554,0.14734418847625705,0.2505064700683983,113.10140578123259,4.785295043637414,1.8367609474762783,37
1274.8565534667719,1.3451671407537105,1208221.0326714695,1.2057798872652032e-06,1.0242147906408483,849421.0273848921,4.75823776424424,1.5787020743170594,4.75823776424424,2,0.1314843787359325,0.1314843787359325,0.16569984139837896,57.877434588729756,3.2508117916980566,1.7855314405833937,38
1109.7778748571268,0.7258748903503407,1696720.671695876,4.4226891891753033e-07,0.9793418795829938,2214358.363639863,1.9305323146503448,1.1489712458377834,1.9305323146503448,1,0.19211204479753557,0.05023409226875358,0.141877952528782,21.228908108041452,2.823043508511767,1.467783620585856,39
1618.2996804993772,1.142114057974064,2293023.0458330093,4.1664559148994303e-07,0.8880668920112531,2131468.351400255,1.576714408515803,1.5334602014036705,1.576714408515803,2,0.13912524253996314,0.13912524253996314,0.17022760707501963,19.998988391517265,2.372792899704087,1.4311420677618416,40
1284.326242656546,1.0404524784346187,1585362.0725263462,7.028226964887873e-07,1.8637435895446979,2651797.6708147353,3.414129790068703,3.414129790068703,1.3286864585952665,1,0.1022792918047907,0.1022792918047907,0.12203890354561545,33.73548943146179,3.5794590493845244,1.332407755015516,41
2121.087709224008,1.867158669715105,2409550.4807353187,1.0450906424379707e-07,0.3027837251764486,2897200.614772701,10.475622823661093,7.738370231924154,10.475622823661093,2,0.0323624472698915,0.0323624472698915,0.23142890706785674,5.016435083702259,0.9003651829516791,1.2278095804389841,42
1390.1922859277713,1.3605240522230753,1420507.4792284542,3.2136538181828945e-06,2.3704649507615927,737622.993911003,3.5338447473787333,3.5338447473787333,1.0629423324179808,1,0.1217411336018411,0.1217411336018411,0.24877870974577146,154.25538327277891,5.71987978807707,1.9030414043463788,43
1532.0093561397334,1.2711976601981063,1846331.8025096983,4.877141092755462e-07,1.2183643671549456,2498111.7912801662,1.6893909748799663,1.0919950434154082,1.6893909748799663,1,0.2865512079998799,0.09344357949141745,0.19310762850846241,23.41027724522622,2.6666766354588076,1.3863911137887623,44
901.3614747044325,0.4320082064744598,1880641.3764951965,2.463908471149899e-07,0.38104855816026517,1546520.7519759487,2.612724481221571,1.438532069355261,2.612724481221571,1,0.22099410776499395,0.14106071063971323,0.07993339712528072,11.826760661519513,1.4067177733306027,1.4001055093191561,45
830.4862608827317,0.969949677398755,711075.4769924376,1.50072096045351e-06,1.9300771529695655,1286099.9505106574,2.7076998277080664,2.7076998277080664,1.6663298334471877,2,0.06337290858267096,0.06337290858267096,0.27459163684038396,72.03460610176849,5.65725727901165,1.8505185801249482,46
1938.3016476668354,1.4514828896159477,2588396.531730421,3.59099261176098e-07,1.0199675746657837,2840349.9670961555,3.074701650175829,1.8017533418763352,3.074701650175829,2,0.14169657023884671,0.14169657023884671,0.15947600929968833,17.236764536452704,2.314580236098262,1.3601845973918594,47
2176.60178997638,2.252268607412045,2103477.061544664,6.939804415647852e-07,1.8226245664087444,2626334.1979769566,11.520198559164996,1.306043472079248,11.520198559164996,1,0.3655846177835879,0.0689267315525074,0.2966578862310805,33.31106119510969,3.118205869117603,1.3883423635461851,48
1066.1206749963821,0.8307107589397748,1368241.9318914157,1.0459197431008688e-07,0.1295264461326468,1238397.5633602247,8.979471306741335,8.979471306741335,1.3799202875582908,1,0.0964735399959987,0.0964735399959987,0.22152409127636222,5.02041476688417,0.5693425839103315,1.2864483820158117,49
908.288880222916,0.6476421050309127,1273834.241980331,7.320628764079479e-07,1.975105685035638,2698000.0607693633,6.154096702712612,6.154096702712612,3.107516041816304,2,0.05925056088752391,0.05925056088752391,0.27961047387888854,35.139018067581496,4.673335800695652,1.430402827624727,50
882.832969357986,1.6489909123865558,472649.08856134035,6.189942323955296e-07,1.6976433666556885,2742583.497241563,9.05643102728595,1.0333801245668606,9.05643102728595,1,0.3336107217618394,0.033834539143279774,0.29977618261855965,29.71172315498542,5.224668864696939,1.6740015911962904,51
676.1135378351435,1.97041501639119,231996.56531301996,9.750737431917879e-07,0.5756901453109549,590406.7762367405,3.962311453565996,3.962311453565996,3.302815654545768,2,0.038592843771662555,0.038592843771662555,0.24419198517305463,46.80353967320582,2.3766664158554134,1.8848468734407853,52
2109.5610108421856,1.6508553242994646,2695722.388849522,2.6875167052594996e-07,0.6725267695057323,2502409.6341041904,14.065535617471273,3.1687239256330666,14.065535617471273,2,0.09877027309420461,0.09877027309420461,0.2503704527148538,12.900080185245598,1.8966146381691404,1.372933060665813,53
929.3093951746309,0.41588843015428834,2076556.810295131,1.1148586599954745e-07,0.19636311891295943,1761327.4754824664,2.772242436742835,2.772242436742835,2.5625514795251965,2,0.11075570191722284,0.11075570191722284,0.25949505466384576,5.351321567978277,0.7792848307975012,1.2815411954815876,54
1585.983489166838,1.0584354712214756,2376473.2912881435,8.190267073952247e-07,1.8630906206443878,2274761.74320326,3.5626441015701076,3.5626441015701076,1.521611022440829,2,0.13064704296905155,0.13064704296905155,0.08880324811027274,39.31328195497078,3.3945012358494124,1.4012306022989776,55
1030.0051360716802,1.6952453905414553,625815.345821521,2.1616325420437994e-07,0.20164132379240102,932819.6160562581,10.990589384993015,10.990589384993015,3.0004002367851967,2,0.027085040948868426,0.027085040948868426,0.2040772424818832,10.375836201810236,0.772621145411533,1.2918994108084298,56
1830.8660486347765,1.7922725988352135,1870290.540748103,2.2968653130021513e-06,1.9817942760193792,862825.6366626243,2.6158551915196706,1.2315397317940209,2.6158551915196706,1,0.3120436939566674,0.147403533342045,0.16464016061462242,110.24953502410325,4.629963760971332,1.8261806982977105,57
1746.744680655756,2.133632205909248,1430010.7445645463,9.363468128741867e-07,1.6581595725887415,1770881.8461173552,10.079219963056492,1.4199214253415975,10.079219963056492,1,0.32008622420224697,0.09514223805498048,0.2249439861472665,44.94464701796096,3.430977040058704,1.4857205207555684,58
1030.9146054654054,0.6052143135571945,1756047.2380689261,3.7849227780576947e-07,0.7673813098750176,2027468.8675915706,1.6419400346502369,1.0379797748055215,1.6419400346502369,1,0.11902193087389815,0.0354982784057068,0.08352365246819135,18.167629334676935,2.1672001052610406,1.4097820839369302,59
1010.2165425519804,0.7104112962783046,1436544.5315862212,9.779656456803936e-07,1.5119349961816198,1546000.110392151,6.241798388072754,1.828768757880045,6.241798388072754,2,0.07314180422573063,0.07314180422573063,0.10440713167424048,46.942350992658895,3.851909419212857,1.5572348984303048,60
1816.5073948258637,1.6390615559862964,2013163.6322050577,1.3829959743321878e-06,1.7848052346648913,1290535.3795601078,2.3828553602879468,1.0899748471982218,2.3828553602879468,1,0.2858625064138553,0.09441953130587505,0.19144297510798025,66.38380676794502,3.8889513760328547,1.6218081268462634,61
1790.5870741159115,1.1882946571140223,2698154.073820203,3.555136366003322e-07,0.9655776026806102,2716007.216809269,1.7118624237284155,1.352776975833211,1.7118624237284155,1,0.28258748560865,0.07608436537338571,0.2065031202352643,17.064654556815945,2.2565462493039283,1.3673682199465707,62
883.5918663350267,1.7373418389731297,449384.5533098284,1.0823662684209627e-06,0.8546816601860829,789641.810838171,3.858051700544874,2.4589117628753803,3.858051700544874,2,0.08763576491627399,0.08763576491627399,0.24996760269095913,51.953580884206204,3.080407056519483,1.8159827027571342,63
811.0528416780979,0.46621776732980225,1410943.0358298328,3.826961743580743e-07,0.9019120972037099,2356731.416812714,1.9034251375973397,1.9034251375973397,1.2387748887870327,1,0.02722382919789413,0.02722382919789413,0.120152859033414,18.369416369187565,3.7431125380725128,1.980192416372428,64
1446.0971057176819,0.948760941652498,2204134.621649504,3.318498108126291e-07,0.4686709577455235,1412298.4026956311,7.327973804353112,3.2476068216112677,7.327973804353112,2,0.13135124306469256,0.13135124306469256,0.14306539329788706,15.928790919006197,1.7222562326613013,1.4826053157085932,65
1315.9302798872052,1.5371836711278433,1126522.8313630715,8.326411113215121e-07,1.750396117998622,2102221.586465399,3.959950549481641,1.0159103857411727,3.959950549481641,1,0.2481140133562877,0.12037363587609613,0.12774037748019157,39.96677334343258,3.5479437044927273,1.4034992125544195,66
1657.3482133330838,1.181541876867553,2324761.52899511,2.6359610028300434e-07,0.4981764829036808,1889923.570071121,4.213256915730204,4.213256915730204,2.119676579579809,2,0.08826147938574395,0.08826147938574395,0.09093782606457397,12.652612813584208,1.6290146231649802,1.4086002923155803,67
857.0508672858426,0.5250934938078241,1398867.4355661385,6.577526065659108e-07,1.0421745180206077,1584447.5683064824,4.234403395388973,4.234403395388973,3.168352004326428,2,0.03840746551394071,0.03840746551394071,0.16206140331358776,31.572125115163715,3.7158939225174845,1.779281040178445,68
1001.6093626331651,0.5605270111239452,1789782.2859647712,1.2005711455734862e-07,0.20715781353826934,1725493.856003966,2.9952435175584355,2.9952435175584355,1.7100242212366952,2,0.043520464790012856,0.043520464790012856,0.27677590553905373,5.7627414987527334,0.8048517457470967,1.2948179177198278,69
1393.881040445815,1.175811483468761,1652394.437569657,9.766049990572657e-07,2.124612123430099,2175508.1383783873,2.356053593156336,1.3179221202882527,2.356053593156336,1,0.14185185700632305,0.030934993492394664,0.11091686351392839,46.87703995474875,3.8990283637282475,1.4288339289591088,70
1960.6752794178317,1.596142979614753,2408460.645704838,3.7673738383717227e-07,0.9122955599135825,2421568.9736484475,3.9657734060629393,2.3226828372970787,3.9657734060629393,2,0.06765909004123961,0.06765909004123961,0.1848818588154197,18.083394424184267,2.1347855560358466,1.3774246722629349,71
1245.8308329989993,1.4633169196981735,1060668.7065240238,1.1707005758407928e-06,2.1406583172009324,1828527.6025114444,2.42033409575555,2.42033409575555,1.6112053812755334,2,0.1382417917032755,0.1382417917032755,0.19678098513424513,56.19362764035805,4.302566048000682,1.4338759909774619,72
1121.0147568495056,0.7157929194849372,1755639.167230965,9.358748695307727e-07,0.526015797848722,562057.8294964314,3.2307574368756327,1.6733267533852088,3.2307574368756327,2,0.1392538974317179,0.1392538974317179,0.2077080600911856,44.92199373747709,2.2009562391830055,1.8790349071671426,73
1267.1252865560286,0.608688310740005,2637813.9082015594,5.6396717127557475e-08,0.11755469510323753,2084424.4326731574,6.219693399144017,6.219693399144017,1.0021554386758644,1,0.059979559414702205,0.059979559414702205,0.19961929788943414,2.7070424221227585,0.47108594242187635,1.2048228590943917,74
2232.701539552665,1.939442989436997,2570303.015799361,9.238187171698384e-07,2.2679868927137274,2455012.926845443,1.877881537122928,1.2490943220135893,1.877881537122928,1,0.3224339043676072,0.08207576357160526,0.24035814079600196,44.343298424152245,3.5539071700455276,1.4020896060317372,75
1653.1717019162847,1.5099929442560533,1809926.7856932103,4.820109870889772e-07,1.4274491257870605,2961445.2035790617,1.6986984153084417,1.1576951313908284,1.6986984153084417,1,0.2752359302710346,0.11521375538919242,0.16002217488184217,23.136527380270902,2.7114308497965975,1.3334916204949332,76
889.0276279742336,0.34634275950746235,2282046.041399814,2.304118360998883e-07,0.3972874596741305,1724249.3545422647,5.319375561768874,2.6429438557141687,5.319375561768874,2,0.11749785993158493,0.11749785993158493,0.13662321532826224,11.059768132794638,1.4107003240408411,1.376199113288995,77
1717.3483343873627,1.114604319767048,2646037.925135127,8.002864449334481e-07,2.004837161343934,2505149.4674643106,7.7764974285753885,7.7764974285753885,2.3269928038608296,2,0.14712920727959922,0.14712920727959922,0.15289400054851499,38.41374935680551,3.2637926471338456,1.3565749072609976,78
1056.1202262149036,0.48103974140610617,2318706.4107424296,9.499015039957985e-08,0.21687633355324304,2283145.4907792453,2.2275176946587747,1.4650820033005663,2.2275176946587747,1,0.16798177986283622,0.02480619453615265,0.14317558532668356,4.559527219179833,0.7658852888453968,1.2348236668709445,79
714.5502705824225,0.46702870417542536,1093256.3344064357,8.222576385808794e-08,0.2175129035758702,2645313.261562058,2.871604894756565,2.871604894756565,1.0561899659043263,1,0.1161260909019463,0.1161260909019463,0.250217898026658,3.9468366651882207,0.7649754683485888,1.225753611197744,80
1330.5494476974059,1.1283115638054986,1569036.3278710945,9.717655844287757e-07,1.063253338128131,1094145.9084014934,3.185890540768001,2.110790889536431,3.185890540768001,2,0.10804736191737165,0.10804736191737165,0.057401822282153306,46.644748052581235,2.9852040561451942,1.6245737417478399,81
1358.0129263683189,1.1384603841395138,1619906.2645270277,5.583757933957073e-07,1.5167686021195577,2716393.905429673,2.943789002241897,1.4833876828758608,2.943789002241897,1,0.2556707200284541,0.13093480724872772,0.12473591277972637,26.80203808299395,2.7955859321983336,1.336191254292581,82
1324.0542827743757,2.354697693412126,744520.0921706301,1.3408094970587184e-06,2.037835854343076,1519854.8778282055,6.808686237263791,1.2252808543642442,6.808686237263791,1,0.2938602889213277,0.06445050201093584,0.22940978691039188,64.35885585881849,4.874248798222142,1.6328455216005153,83
1189.5023843787033,1.2693651784191333,1114664.2010495006,8.772991347769273e-07,1.5285108169920922,1742291.4903258737,1.5114252463474718,1.5114252463474718,1.0947589758576919,1,0.14968540484417922,0.14968540484417922,0.22522025253016467,42.11035846929251,3.40265267755146,1.4701270279047207,84
1240.013695779759,0.7844103196177774,1960241.8877796321,1.0484597837138546e-07,0.14240507439978928,1358231.1559472694,8.149539616596119,8.149539616596119,1.7293392844628026,2,0.0287316669502097,0.0287316669502097,0.10049475942219538,5.0326069618265015,0.5268100581931416,1.2097719807048894,85
1908.6000274211221,1.6727046974905895,2177762.799456957,5.961046416295866e-07,0.7828981002683806,1313356.8262916927,7.2135205709119115,2.870925547300904,7.2135205709119115,2,0.11775520580473903,0.11775520580473903,0.1852141592362378,28.613022798220154,2.5175749538441075,1.6040580952870496,86
975.4088045970119,1.1270767529635533,844150.4392524173,1.277151032479533e-06,1.6682541016227883,1306230.867921663,2.469744577925933,2.129262778290453,2.469744577925933,2,0.11650133342433698,0.11650133342433698,0.19768619854094155,61.30324955901758,4.518566902282671,1.637173567007818,87
2099.5573881067126,1.7163493982467826,2568323.92661792,1.1834185567742169e-06,2.000738620339298,1690643.2714668142,3.984184611521671,1.0154131288713746,3.984184611521671,1,0.24719444992611098,0.056822101322514834,0.19037234860359614,56.8040907251624,3.3659785224332395,1.4498369901994128,88
1289.016016465082,1.127549748757215,1473604.4174856867,2.636971347380929e-06,1.990215606950414,754735.3932863622,3.951275580086592,3.951275580086592,1.203030411628804,1,0.12590299760532475,0.12590299760532475,0.27563849230480797,126.5746246742846,5.275798212386767,1.9069865948488431,89
1044.7028026351015,1.3558353919817063,804967.8834820987,3.08649913774753e-07,0.1860226034035916,602697.7332621174,12.909439690489915,12.909439690489915,12.461948495920987,2,0.08665516835901448,0.08665516835901448,0.15824312321694178,14.81519586118814,0.8768845520891916,1.5288460350014932,90
545.8134219680841,0.3566244229492119,835367.0484394631,5.818042838907538e-07,0.8501678776686014,1461260.9449748201,4.862181325180345,4.862181325180345,1.1463350496572209,1,0.0791653195135291,0.0791653195135291,0.1790219503142781,27.92660562675618,3.041590787329732,1.5381902285182658,91
1035.1372411904586,0.6546828906329607,1636684.1465238794,1.340597458041666e-06,1.045901865227434,780175.9274967439,10.54926283442063,1.0237036921112932,10.54926283442063,1,0.1724305625941352,0.04691267039822555,0.12551789219590964,64.34867798599997,2.735671963581139,1.5435084843709275,92
1204.5619339051,1.0051267688660088,1443568.6100074607,3.455331482424994e-07,0.8994259864255307,2603009.265537391,1.3790896542185413,1.2305083642926709,1.3790896542185413,0,2.0,0.08606175625567376,0.17237550162680204,16.585591115639968,2.256584435159141,1.3534101872199162,93
892.2896695202422,0.7480262443089049,1064375.5622078846,6.156559568518495e-07,1.7398200583811512,2825961.5439728764,2.8558178623577875,2.8558178623577875,1.5320027755723815,2,0.05152277089368326,0.05152277089368326,0.16996585013776627,29.551485928888777,5.056542124857717,1.5528563365118067,94
606.9414873601676,0.5022497699452657,733455.7248659718,4.0848297967896485e-07,0.21369764801315644,523149.45455280854,2.385314810488437,1.8184718649335614,2.385314810488437,2,0.11250254540758113,0.11250254540758113,0.08761350288936852,19.607183024590313,1.0357868874909726,1.6151936477076367,95
1000.2402262531724,1.1926839604135688,838847.9625969618,2.591616117867599e-07,0.6799333809738058,2623588.3327244474,2.2886958304361387,2.124575089233352,2.2886958304361387,2,0.034381830783086424,0.034381830783086424,0.20503732165707406,12.439757365764475,2.389034854582036,1.4993707683473794,96
1710.6051110944397,1.4228291587229072,2056585.520589746,6.98984903077851e-07,1.9550497315246815,2796984.2022567024,6.5258878834208,1.0976469001191969,6.5258878834208,1,0.19117135276174602,0.10048548123550663,0.09068587152623939,33.55127534773685,3.130308508946651,1.3292160921347953,97
1411.3624407991438,1.4322873853075249,1390743.1984195188,1.024851018117142e-06,2.0515824299682706,2001834.7971566063,2.4715542740321785,2.4715542740321785,1.0131646182608531,1,0.14800443937029367,0.14800443937029367,0.14038401965979985,49.192848869622814,3.703453945824534,1.4125363514386104,98
758.6808010089454,0.3094341566059251,1860158.439304478,1.8780760195600156e-07,0.17160344823927398,913719.3939544376,7.674097843077077,5.238080673613603,7.674097843077077,2,0.06129263246726302,0.06129263246726302,0.06952709827009096,9.014764893888074,0.7621550425064348,1.3968570843146717,99
1511.1678120595243,1.552178114720204,1471241.0480136278,2.602182479838081e-06,2.236046697082469,859296.6536388353,7.051160622173466,1.4858590064045538,7.051160622173466,1,0.24530374302195446,0.11601545023945975,0.1292882927824947,124.90475903222787,4.674278069359481,1.7184543918014619,100
293.37056885607626,0.09606324280777717,895933.6386671504,5.5882144289213785e-08,0.1096182513600148,1961597.0853354137,10.966348266576121,1.2096405740419942,10.966348266576121,1,0.3838916701878433,0.08594805120566563,0.2979436189821777,2.6823429258822618,0.43897439354573625,1.1971990998872653,101
1254.5109886366636,1.1105530145536122,1417129.8443079987,8.015936485951175e-07,1.5923008716658158,1986419.0222271609,4.944798652751925,2.213654652835007,4.944798652751925,2,0.13444943901659998,0.13444943901659998,0.1840501032778438,38.47649513256564,3.3533793745787404,1.427776801760508,102
1309.049302834077,1.1134025645460972,1539075.022652722,1.3487615073428858e-06,1.5297130592457457,1134161.2664045712,2.480733818878807,2.480733818878807,1.437635407638782,1,0.12871187298953815,0.12871187298953815,0.054540135978591,64.74055235245851,4.045727025612509,1.687029693422332,103
1614.882737172337,1.5151159015276823,1721218.985417382,6.225521536510373e-07,1.8418471233170413,2958542.689982344,1.8387865442138642,1.2799514920632062,1.8387865442138642,1,0.2909068359076509,0.07150164500770236,0.21940519089994853,29.88250337524979,3.4411472502370364,1.369253699774151,104
1186.9475043062255,0.9863848504382419,1428290.7704359414,4.95037567469909e-07,1.3485521609103852,2724141.054188493,5.68330127441754,1.2849405317818692,5.68330127441754,1,0.2706282232099523,0.02162108413235772,0.24900713907759456,23.761803238555633,3.6393074748950363,1.599546282621593,105
728.2481398266053,0.5374827709595134,986720.657508964,1.899221360941778e-07,0.5282602283723942,2781456.860354828,1.6201900331915096,1.020099287550136,1.6201900331915096,1,0.3298060477131177,0.039418640327859605,0.29038740738525814,9.116262532520533,1.7701116918395006,1.3484743860439479,106
1679.8304607719663,1.1986628492738474,2354148.5236209896,4.337611233621326e-07,1.0097264680895326,2327839.9416319886,1.715467025713874,1.3040142894068911,1.715467025713874,1,0.3849457710458683,0.11535433759316789,0.2695914334527004,20.820533921382363,2.4656854928988627,1.4117340701829606,107
2070.264052935953,2.0246066584799616,2116951.078337678,2.153697597078601e-06,2.177374094370468,1010993.417703573,10.561294184217065,1.085788687513177,10.561294184217065,1,0.30959328530413077,0.03359996258462078,0.27599332271951,103.37748465977285,3.878508888908814,1.5390887681911045,108
1772.304194261443,1.9794054985117648,1586871.4921517298,1.4072323508663191e-06,1.8263500808579767,1297831.221499165,4.887326319302692,1.218029987849134,4.887326319302692,1,0.2915853724708666,0.14729920238194635,0.14428617008892022,67.54715284158331,4.0178055341041015,1.629057939781866,109
1340.4177724954727,1.3953337823461276,1287663.0864628698,1.6250110750739654e-06,2.3449152869595875,1443014.9572075098,4.315614902525862,1.9610928780461112,4.315614902525862,2,0.07318819709122364,0.07318819709122364,0.2004436889669271,78.00053160355034,5.079198452705736,1.6539314138752492,110
2001.4167188026481,1.9270315430694864,2078673.230186102,1.2240503464653685e-06,0.9147466101013664,747311.2627620557,7.485036289452349,2.6121999618910197,7.485036289452349,2,0.041173295072092136,0.041173295072092136,0.22114051834841927,58.754416630337694,2.0857470030345326,1.3893746406246161,111
942.5519100667361,0.7966399782061439,1115188.9529457726,4.7522106386196744e-07,0.5458387236906093,1148599.5996363356,2.54791774268126,2.4346571261243377,2.54791774268126,2,0.05615473639329342,0.05615473639329342,0.1005220254113695,22.810611065374438,2.0821236673553463,1.6134729635013019,112
1189.912437380518,0.7881465788858486,1796482.591644816,1.0422664629108171e-06,1.2892157359086842,1236934.873936357,4.013802837509473,4.013802837509473,1.018671116509268,1,0.1447132051926291,0.1447132051926291,0.2131298001881658,50.02879021971922,3.593104898834962,1.6264504663526378,113
1491.2372398831283,2.4181597148098923,919620.1938171305,2.9102748016778448e-06,2.457680039450878,844483.839819513,14.485234090335998,1.030539542972201,14.485234090335998,1,0.43335559302632554,0.137213440963637,0.29614215206268857,139.69319048053654,5.186865891192703,1.7700345154448789,114
954.206225750319,1.378297490475305,660604.4976158814,1.3945467128679902e-06,1.5802148297855418,1133138.6860004934,5.542212906617718,1.146085797839148,5.542212906617718,1,0.2940563649822479,0.032607125531712314,0.2614492394505356,66.93824221766353,4.815313416644908,1.9000092813709322,115
1466.7010084323622,0.911885168401235,2359081.95755407,3.376942630432879e-07,0.8104788709840617,2400037.429360087,2.066391154079037,1.18395308652673,2.066391154079037,1,0.3297319786878667,0.09594962180795837,0.23378235687990834,16.20932462607782,2.139246761161702,1.3830999211990431,116
1501.4603626210985,1.2346829599323998,1825880.2410666705,8.602920825393997e-07,2.2506929978167127,2616196.3401698926,7.604480450082481,7.604480450082481,1.142300210403644,1,0.14240005137595288,0.14240005137595288,0.08016383436092159,41.29401996189119,3.6017474227572737,1.3022925795817895,117
1526.573987095555,1.590444583028178,1465268.3676910806,1.338412299566755e-06,1.8045884832063679,1348305.3643414024,2.407538559433768,1.1835218449585765,2.407538559433768,1,0.1897964522485388,0.0784817089927364,0.1113147432558024,64.24379037920424,3.8268144089331577,1.5590176374576312,118
1601.6285328423,1.4977624589576726,1712697.458714361,1.3131792947240574e-06,2.356045625938035,1794153.8032193226,2.783277957056911,1.058624460999711,2.783277957056911,1,0.14213706091449996,0.05182354520151891,0.09031351571298105,63.03260614675475,4.491153318699608,1.5024905995683915,119
1034.9497716522972,0.47839338899367584,2238996.3040590887,2.4410136527765576e-07,0.41621159894096194,1705076.8989658763,2.6741764434774145,1.1630036318959711,2.6741764434774145,1,0.2483946129394442,0.08975384176502162,0.1586407711744226,11.716865533327475,1.4735974114213923,1.3956847419960994,120
791.1577984095175,0.3323498745310998,1883348.5731483942,2.5344283069033584e-07,0.7076430547038437,2792121.0190729895,5.723706011209776,5.723706011209776,1.6747694971447404,2,0.09207415176519138,0.09207415176519138,0.10192931333788482,12.16525587313612,1.8735936999585079,1.2941893590644915,121
1370.6771935413385,0.8527832903970323,2203087.2204586267,5.4071137483506e-07,1.3765266192305636,2545769.6717596576,2.705781002299756,2.705781002299756,1.9454975628435602,2,0.08045183715860549,0.08045183715860549,0.1501128113113196,25.95414599208288,3.004977281648193,1.3836708674914597,122
734.4059546190722,0.2719902387000822,1982983.3186575589,3.6978127099477574e-07,0.9193289617161463,2486142.5762397107,5.321379753929081,5.321379753929081,2.362584080288549,2,0.03987402587642368,0.03987402587642368,0.28016646456839195,17.749501007749235,3.0990503846459463,1.536864567986345,123
1541.4218466137936,1.5030471352598813,1580776.313317322,4.581274314498963e-06,2.3170799586236326,505771.931466855,2.0631577892639914,2.0631577892639914,1.663537389571564,2,0.12317259990210908,0.12317259990210908,0.10298865277013566,219.90116709595023,5.310811229137035,1.9766068700952466,124
1056.5729303253756,0.5099228583019444,2189245.5670918766,2.7637254953054323e-07,0.4096721372369002,1482318.4789255832,1.5809400668565483,1.033022266880057,1.5809400668565483,1,0.19263371423434866,0.02806820385022018,0.16456551038412848,13.265882377466076,1.3558294567801812,1.3498984156707747,125
1644.2243234400696,1.5147186300167914,1784802.5185786388,5.856673634404289e-07,1.683883122710269,2875152.7365610925,2.8910323597566467,1.108362090542598,2.8910323597566467,1,0.27967827422863406,0.11440341668990715,0.1652748575387269,28.112033445140586,2.962604539697781,1.3373171881920225,126
1492.4846426570944,0.8073186990713801,2759146.308799081,8.281597346051469e-08,0.19660897585581705,2374046.547307169,5.857311862913583,5.857311862913583,1.274967298485526,1,0.10815222791437767,0.10815222791437767,0.2615018903269772,3.975166726104705,0.725862278351051,1.2327424258501223,127
1561.7521938981415,1.4088180725674282,1731288.0652508242,1.5744832945871074e-06,2.3740854391983817,1507850.510297705,2.50557303375032,2.50557303375032,1.2391420909915594,1,0.10579944344414967,0.10579944344414967,0.12562007028448202,75.57519814018114,4.731907422156244,1.5632368478026557,128
1450.1101604793523,1.4833935516276944,1417573.559773181,7.276561641557136e-07,1.1063223710267447,1520391.6705775326,4.006912434536875,1.4781640038006731,4.006912434536875,1,0.36293302145505324,0.08616143972767606,0.27677158172737715,34.92749587947425,2.9305446551209164,1.5426488342002733,129
1184.9578907410796,1.4084014530919435,996963.7561413989,1.2711063376872868e-06,1.6732425720233255,1316367.1066794498,14.212850249552554,1.0005296469299945,14.212850249552554,1,0.24879655906436032,0.03192407827767087,0.21687248078668947,61.013104208989766,4.779896851474604,1.7741032694970802,130
1019.7990092872676,0.9505770262961907,1094061.8072745656,2.011298240743246e-06,1.7028379812351673,846636.2405835488,4.640658506204342,4.640658506204342,1.055522226550557,1,0.13188195218149693,0.13188195218149693,0.11167009430653682,96.54231555567581,5.068238686135453,1.8480767663935023,131
1519.412524295949,1.4340453266423714,1609861.5407036715,6.917951009724085e-07,1.4009896838817262,2025151.2072179345,1.8466503647132457,1.2622564023074572,1.8466503647132457,1,0.2389731003051293,0.13834249832408282,0.10063060198104648,33.20616484667561,3.113846475440212,1.4480854720408523,132
1956.036645515819,1.591566526604927,2403970.7386674145,7.060761735089774e-07,1.0592227243927286,1500153.6153368885,14.302968707529573,1.6326102868081145,14.302968707529573,2,0.061663851018142105,0.061663851018142105,0.29403209767292693,33.89165632843092,2.6248953485942534,1.497089955464233,133
1488.3967940314458,1.1788080507202945,1879292.404840162,1.2464406600774717e-06,2.14956250275335,1724560.6402311567,2.5607455031724387,2.5607455031724387,1.4225344168350365,1,0.07771257523147693,0.07771257523147693,0.28398437485893147,59.82915168371864,4.452770098120149,1.5407732519754165,134
2236.362553372342,2.1508385321195314,2325287.275376056,9.808760123576646e-07,2.3172987987964153,2362478.8144492214,2.1584818771949057,1.0950587517629244,2.1584818771949057,1,0.3299146089134495,0.05174665009956547,0.278167958813884,47.0820485931679,3.685775064641953,1.420628090379866,135
1345.8523272246293,1.1417359460488714,1586460.0680781386,5.911145784302776e-07,0.6765430627576076,1144521.024255886,4.5223660949480475,2.409021858175775,4.5223660949480475,2,0.08247899202249985,0.08247899202249985,0.1641130486285679,28.373499764653324,2.2041931441632263,1.5666482043049954,136
1284.001807371303,0.7361489386977982,2239574.8396365973,1.6155543867440902e-06,2.1653678063065023,1340324.9213234344,4.698498118645279,4.698498118645279,4.31696954440743,2,0.04845135914330219,0.04845135914330219,0.2540140041882078,77.54661056371633,5.374098253800293,1.787836999730539,137
786.6089889652615,0.9257231107178733,668400.4043510634,3.848179623093075e-07,0.37769000154263066,981477.0580772746,2.6626422245122274,2.6626422245122274,1.006913434096467,1,0.0379827791150864,0.0379827791150864,0.2435839752957628,18.471262190846762,1.489210832089167,1.4944219333511282,138
1172.515719966375,0.9692158628064983,1418459.1547927859,9.90764789050832e-07,2.453970749279282,2476844.9347399846,11.123087876634377,11.123087876634377,1.0162188972269373,1,0.100556908376082,0.100556908376082,0.28322519560331333,47.556709874439925,4.477679021938723,1.332894529157583,139
1397.3919149595079,1.0540417597388403,1852587.0971924504,1.1157204587101097e-06,2.098070283817617,1880462.321398325,4.352182581467095,4.352182581467095,1.001927223934392,1,0.10624892343978129,0.10624892343978129,0.07796120059516928,53.55458201808526,4.357885211178869,1.4703920081953525,140
2167.8135213344094,1.7288815014146945,2718182.5124711515,1.0771700716770665e-06,2.4986125821380507,2319608.247421796,7.083861253315505,1.899615352156683,7.083861253315505,2,0.10484927553300319,0.10484927553300319,0.2980105013820138,51.704163440499194,3.841121211046707,1.406284096974149,141
1587.3619321369335,1.0320698742847423,2441421.8129792274,9.049686846316283e-08,0.22340597093663045,2468659.6865787557,7.596251118009783,7.596251118009783,4.059884974088038,2,0.0799571551588846,0.0799571551588846,0.156194231203864,4.343849686231816,0.8134585481047828,1.2476998321015977,142
1576.1548370291096,1.5165733344611234,1638077.1136088716,6.942785107803322e-07,1.8971698712009317,2732577.5488407575,3.7138652958443985,1.0612671766920703,3.7138652958443985,1,0.2045530003054093,0.07416657974518442,0.13038642056022487,33.32536851745594,3.6230758482019563,1.3702557102429074,143
725.4102749306334,0.3011466187932451,1747388.2625134776,2.7552856220086633e-06,1.3812160318575049,501296.8604142638,6.41172713432719,6.41172713432719,1.4602151833251709,1,0.03249238028634457,0.03249238028634457,0.08838138051365346,132.25370985641584,5.277162849594356,2.5666643992561884,144
1134.8251205838096,0.5458347311914811,2359373.599215479,7.82618271819681e-07,2.0755055617988476,2652002.4340513404,4.49630895559263,4.49630895559263,1.988144220233767,2,0.024528985536389037,0.024528985536389037,0.21306440161646384,37.565677047344685,5.076780434956013,1.6821221250639906,145
1451.6018067166149,1.0054725472543429,2095679.1023454163,4.396613931125353e-07,1.0467556430530105,2380822.2860838817,5.600139091127859,1.77463004359131,5.600139091127859,2,0.12649598430821743,0.12649598430821743,0.07318901935612368,21.103746869401693,2.454061838926397,1.3923518930138175,146
669.0672728150508,0.6339264936895954,706156.0291426529,7.852415243447033e-07,0.6260541195487175,797275.8700849012,1.3850152163117524,1.11689794435262,1.3850152163117524,0,2.0,0.08040835292145285,0.1419760850554544,37.69159316854576,2.5653296469923346,1.7779396572123283,147
1846.5960836108889,2.2631589339554004,1506706.8621855222,4.950751515218851e-07,1.0564158963381098,2133849.5642341087,11.08081013798491,2.344201492156063,11.08081013798491,2,0.04279504648900985,0.04279504648900985,0.25577690570172495,23.763607273050482,2.3166692553355315,1.3688409270094015,148
1366.898238590441,1.2674000549408755,1474207.6011262378,1.0255477031389711e-06,2.194861501058029,2140184.6977376584,4.211681223393564,4.211681223393564,1.7445766188582494,2,0.1337609458770307,0.1337609458770307,0.2938989114570999,49.22628975067061,3.9280385218025082,1.3812766173463586,149
